"EVALUATION"    , "BUFFET"        , "DRAG"          , "EFFICIENCY"    , "FORCE_X"       , "FORCE_Y"       , "FORCE_Z"       , "LIFT"          , "MOMENT_X"      , "MOMENT_Y"      , "MOMENT_Z"      , "SIDEFORCE"     , "Time_Iter"     , "Outer_Iter"    , "Inner_Iter"    , "RMS_DENSITY"   , "RMS_MOMENTUM-X", "RMS_MOMENTUM-Y", "RMS_ENERGY"    , "RMS_NU_TILDE"  , "RefForce"      
1               , 0.06514918753   , 0.02088927347   , 29.78233727     , 0.001963003851  , 0.6224788929    , 0.0             , 0.6221313878    , 0.0             , 0.0             , 0.1097827115    , 0.0             , 0.0             , 0.0             , 9999.0          , -9.824306372    , -7.968668028    , -8.152902833    , -4.994465143    , -12.10444918    , 15761.82561     
2               , 0.06514804631   , 0.02072711424   , 30.01534194     , 0.001867740517  , 0.6224737989    , 0.0             , 0.6221314215    , 0.0             , 0.0             , 0.1097305596    , 0.0             , 0.0             , 0.0             , 8603.0          , -12.00019741    , -10.35751424    , -10.51588411    , -7.292884744    , -13.9290038     , 15761.82561     
3               , 0.04982580779   , 0.01994027065   , 31.19974798     , 0.001393020376  , 0.6224493361    , 0.0             , 0.6221314187    , 0.0             , 0.0             , 0.1094392421    , 0.0             , 0.0             , 0.0             , 9803.0          , -12.0005781     , -10.35717236    , -10.47941071    , -7.25036358     , -14.0209478     , 15761.82561     
4               , 0.003641811095  , 0.01655513907   , 37.57932276     , -0.0009325909714, 0.6223504461    , 0.0             , 0.6221309146    , 0.0             , 0.0             , 0.1071532261    , 0.0             , 0.0             , 0.0             , 9935.0          , -12.00014036    , -10.24045403    , -10.3575867     , -7.121310798    , -14.01227328    , 15761.82561     
5               , 0.003633456093  , 0.01185020639   , 52.49958099     , -0.005394168277 , 0.6222203387    , 0.0             , 0.6221308701    , 0.0             , 0.0             , 0.09387068061   , 0.0             , 0.0             , 0.0             , 9672.0          , -12.00002327    , -10.23846769    , -10.28692149    , -6.857175501    , -14.15187333    , 15761.82561     
6               , 0.003641382907  , 0.01121938193   , 55.451442       , -0.005629305355 , 0.6222065978    , 0.0             , 0.6221309065    , 0.0             , 0.0             , 0.09591549823   , 0.0             , 0.0             , 0.0             , 8719.0          , -12.00054127    , -10.12282264    , -10.15174392    , -6.752087786    , -14.22502004    , 15761.82561     
7               , 0.003647552367  , 0.0137854455    , 45.12954035     , -0.003051041892 , 0.6222760524    , 0.0             , 0.6221308188    , 0.0             , 0.0             , 0.1043506443    , 0.0             , 0.0             , 0.0             , 9208.0          , -12.0005435     , -10.23635444    , -10.35118794    , -7.120918673    , -14.0725392     , 15761.82561     
8               , 0.003643914859  , 0.01112200158   , 55.93694071     , -0.005592021596 , 0.622205022     , 0.0             , 0.6221307429    , 0.0             , 0.0             , 0.09672983656   , 0.0             , 0.0             , 0.0             , 7951.0          , -12.00080731    , -10.14228441    , -10.17987564    , -6.828971586    , -14.16790593    , 15761.82561     
9               , 0.003646185351  , 0.01110377329   , 56.02879369     , -0.005493133015 , 0.6222058573    , 0.0             , 0.6221310228    , 0.0             , 0.0             , 0.09780093938   , 0.0             , 0.0             , 0.0             , 8119.0          , -12.00208151    , -9.538833332    , -9.751358043    , -6.601627621    , -14.03040809    , 15761.82561     
10              , 0.003645318308  , 0.01107943726   , 56.15186009     , -0.005549810914 , 0.6222049087    , 0.0             , 0.622131011     , 0.0             , 0.0             , 0.09743220969   , 0.0             , 0.0             , 0.0             , 6846.0          , -12.0004065     , -10.17111731    , -10.35273656    , -7.047533794    , -14.17066035    , 15761.82561     
11              , 0.003644917316  , 0.01105924035   , 56.25442503     , -0.005574786693 , 0.6222045223    , 0.0             , 0.6221312073    , 0.0             , 0.0             , 0.09742722831   , 0.0             , 0.0             , 0.0             , 6289.0          , -12.00041186    , -10.24436913    , -10.46542053    , -7.186969921    , -14.06098557    , 15761.82561     
12              , 0.003643608841  , 0.01095585069   , 56.78529318     , -0.005661071963 , 0.6222019006    , 0.0             , 0.6221311937    , 0.0             , 0.0             , 0.09770309085   , 0.0             , 0.0             , 0.0             , 6952.0          , -12.00038331    , -10.29483797    , -10.5853077     , -7.281931422    , -14.10975436    , 15761.82561     
13              , 0.003637329678  , 0.01069930435   , 58.14689587     , -0.005877539282 , 0.6221955713    , 0.0             , 0.622131336     , 0.0             , 0.0             , 0.09933293416   , 0.0             , 0.0             , 0.0             , 9848.0          , -12.00027155    , -9.9673679      , -10.03284354    , -6.60618831     , -13.71895673    , 15761.82561     
14              , 0.003639429185  , 0.01057908984   , 58.80760427     , -0.005721578678 , 0.6221945619    , 0.0             , 0.6221309285    , 0.0             , 0.0             , 0.1015775979    , 0.0             , 0.0             , 0.0             , 8505.0          , -12.00086893    , -10.10085675    , -10.04768005    , -6.854874286    , -14.10218186    , 15761.82561     
15              , 0.003641444374  , 0.0105883729    , 58.75603967     , -0.005749190117 , 0.6221943951    , 0.0             , 0.6221308583    , 0.0             , 0.0             , 0.100433628     , 0.0             , 0.0             , 0.0             , 7417.0          , -12.00055562    , -10.28765643    , -10.31211206    , -7.102102417    , -14.0584549     , 15761.82561     
16              , 0.003640472996  , 0.01056079525   , 58.90949718     , -0.005711780269 , 0.6221945506    , 0.0             , 0.6221311379    , 0.0             , 0.0             , 0.101382167     , 0.0             , 0.0             , 0.0             , 7187.0          , -12.00017552    , -10.22177043    , -10.34435804    , -7.18874273     , -13.94655516    , 15761.82561     
17              , 0.003640217925  , 0.01055591162   , 58.93672606     , -0.005759239196 , 0.622193764     , 0.0             , 0.6221308717    , 0.0             , 0.0             , 0.1008278473    , 0.0             , 0.0             , 0.0             , 7461.0          , -12.00048447    , -10.01403001    , -9.973751179    , -6.71505081     , -14.02932249    , 15761.82561     
18              , 0.003640658919  , 0.01055074253   , 58.96561577     , -0.005720547158 , 0.6221941917    , 0.0             , 0.6221310301    , 0.0             , 0.0             , 0.101173312     , 0.0             , 0.0             , 0.0             , 6269.0          , -12.00011137    , -10.21207233    , -10.41888182    , -7.27774667     , -13.80980747    , 15761.82561     
19              , 0.003640532902  , 0.01054910943   , 58.97473389     , -0.005726130209 , 0.6221940039    , 0.0             , 0.6221309214    , 0.0             , 0.0             , 0.1011229936    , 0.0             , 0.0             , 0.0             , 5558.0          , -12.00043616    , -10.00023389    , -10.16169962    , -6.998215304    , -13.94623428    , 15761.82561     
20              , 0.003639951277  , 0.01055074055   , 58.96565884     , -0.005751153594 , 0.6221942471    , 0.0             , 0.6221313677    , 0.0             , 0.0             , 0.1009530423    , 0.0             , 0.0             , 0.0             , 6715.0          , -12.00016596    , -10.05546946    , -9.999609065    , -6.759193821    , -14.02320578    , 15761.82561     
21              , 0.003640495767  , 0.01054884273   , 58.97623332     , -0.005727586531 , 0.6221940748    , 0.0             , 0.6221310102    , 0.0             , 0.0             , 0.1011104868    , 0.0             , 0.0             , 0.0             , 4765.0          , -12.00040259    , -9.916673069    , -10.12134079    , -6.943605544    , -14.02853748    , 15761.82561     
22              , 0.003640093768  , 0.01054850012   , 58.97814864     , -0.005740334519 , 0.6221939494    , 0.0             , 0.6221310081    , 0.0             , 0.0             , 0.1010327836    , 0.0             , 0.0             , 0.0             , 6668.0          , -12.00027093    , -10.05746507    , -10.01973033    , -6.781887566    , -14.06817613    , 15761.82561     
23              , 0.003640209225  , 0.01054749803   , 58.98378811     , -0.005733490525 , 0.622194376     , 0.0             , 0.6221313887    , 0.0             , 0.0             , 0.1010723376    , 0.0             , 0.0             , 0.0             , 6105.0          , -12.00039166    , -10.14710187    , -10.13422234    , -6.922586198    , -14.07589185    , 15761.82561     
24              , 0.003640012708  , 0.01054616479   , 58.99124211     , -0.005733111137 , 0.6221943288    , 0.0             , 0.6221313605    , 0.0             , 0.0             , 0.1010860883    , 0.0             , 0.0             , 0.0             , 5524.0          , -12.00033232    , -10.27276515    , -10.40199778    , -7.200680571    , -13.94163083    , 15761.82561     
25              , 0.003637702741  , 0.01053001372   , 59.08167002     , -0.005741415534 , 0.6221934143    , 0.0             , 0.6221307961    , 0.0             , 0.0             , 0.101000897     , 0.0             , 0.0             , 0.0             , 7019.0          , -12.00060954    , -10.30959767    , -10.74559066    , -7.562932385    , -14.0846778     , 15761.82561     
26              , 0.003624937855  , 0.01046501743   , 59.4486398      , -0.005808553949 , 0.6221919502    , 0.0             , 0.6221310518    , 0.0             , 0.0             , 0.1005089519    , 0.0             , 0.0             , 0.0             , 8108.0          , -12.00040996    , -10.29376048    , -10.87011729    , -7.74315717     , -14.06798307    , 15761.82561     
27              , 0.003587301426  , 0.01035273024   , 60.09340056     , -0.005992917413 , 0.6221880368    , 0.0             , 0.6221307653    , 0.0             , 0.0             , 0.09895810352   , 0.0             , 0.0             , 0.0             , 8714.0          , -12.00075592    , -10.27765379    , -10.79936236    , -7.68091114     , -14.08564353    , 15761.82561     
28              , 0.003556648233  , 0.01030284888   , 60.38441273     , -0.006138347899 , 0.6221865049    , 0.0             , 0.6221314793    , 0.0             , 0.0             , 0.09758437889   , 0.0             , 0.0             , 0.0             , 8578.0          , -12.00018466    , -10.25579254    , -10.69767275    , -7.601890261    , -14.0640154     , 15761.82561     
29              , 0.003523785212  , 0.0102514951    , 60.68688622     , -0.006310930224 , 0.6221837673    , 0.0             , 0.6221313166    , 0.0             , 0.0             , 0.09594381806   , 0.0             , 0.0             , 0.0             , 8588.0          , -12.00079231    , -10.24937419    , -10.59466052    , -7.567739857    , -14.08237747    , 15761.82561     
30              , 0.003472857132  , 0.01013766808   , 61.36829384     , -0.006624337722 , 0.6221787214    , 0.0             , 0.6221313936    , 0.0             , 0.0             , 0.09306184984   , 0.0             , 0.0             , 0.0             , 8780.0          , -12.00058852    , -10.22387414    , -10.49966164    , -7.442400802    , -14.14462013    , 15761.82561     
31              , 0.003377293237  , 0.009846477774  , 63.18308944     , -0.007361261685 , 0.6221652546    , 0.0             , 0.6221308858    , 0.0             , 0.0             , 0.08671730397   , 0.0             , 0.0             , 0.0             , 9095.0          , -12.00035801    , -10.08799302    , -10.26272316    , -6.964157306    , -14.16715387    , 15761.82561     
32              , 0.003339235718  , 0.009479169042  , 65.63140554     , -0.007863249137 , 0.6221537097    , 0.0             , 0.6221311876    , 0.0             , 0.0             , 0.08302933434   , 0.0             , 0.0             , 0.0             , 9999.0          , -11.93028845    , -9.814645619    , -9.964798564    , -6.542998307    , -13.5807343     , 15761.82561     
33              , 0.003368166707  , 0.009416260481  , 66.06986912     , -0.007784492025 , 0.6221536548    , 0.0             , 0.6221310976    , 0.0             , 0.0             , 0.0831329239    , 0.0             , 0.0             , 0.0             , 7430.0          , -12.00030368    , -10.19750528    , -10.52478216    , -7.282302425    , -13.92250715    , 15761.82561     
34              , 0.003336761585  , 0.009332595265  , 66.66219709     , -0.008004510535 , 0.6221498097    , 0.0             , 0.6221313049    , 0.0             , 0.0             , 0.08128515124   , 0.0             , 0.0             , 0.0             , 7026.0          , -12.00007884    , -10.20537163    , -10.56114037    , -7.317451021    , -13.86778881    , 15761.82561     
35              , 0.003269024858  , 0.009262634973  , 67.16563071     , -0.008434035292 , 0.6221425047    , 0.0             , 0.62213072      , 0.0             , 0.0             , 0.07745020976   , 0.0             , 0.0             , 0.0             , 9551.0          , -12.00049018    , -9.955091443    , -10.12792663    , -6.622615373    , -13.66927559    , 15761.82561     
36              , 0.00330920644   , 0.009260281105  , 67.18270493     , -0.008186072793 , 0.6221457949    , 0.0             , 0.6221307331    , 0.0             , 0.0             , 0.07970185919   , 0.0             , 0.0             , 0.0             , 8246.0          , -12.00051276    , -10.15796277    , -10.34306611    , -7.026119034    , -14.28466682    , 15761.82561     
37              , 0.00330016735   , 0.009238582063  , 67.34054882     , -0.008242841907 , 0.6221451761    , 0.0             , 0.6221311864    , 0.0             , 0.0             , 0.07915058654   , 0.0             , 0.0             , 0.0             , 7619.0          , -12.0004341     , -10.15018879    , -10.32325416    , -7.007217269    , -14.26239769    , 15761.82561     
38              , 0.003243526039  , 0.009144283677  , 68.03493727     , -0.00861551965  , 0.6221383135    , 0.0             , 0.6221307663    , 0.0             , 0.0             , 0.07530836982   , 0.0             , 0.0             , 0.0             , 8066.0          , -12.00013345    , -10.01032651    , -10.16265138    , -6.753218303    , -13.59655001    , 15761.82561     
39              , 0.003207600613  , 0.009099494081  , 68.36985705     , -0.0088425381   , 0.6221348147    , 0.0             , 0.6221311095    , 0.0             , 0.0             , 0.07283573617   , 0.0             , 0.0             , 0.0             , 8337.0          , -12.00016117    , -10.13876877    , -10.32306629    , -6.996656978    , -14.25754056    , 15761.82561     
40              , 0.003162259843  , 0.009061800151  , 68.65426063     , -0.009106567553 , 0.6221305357    , 0.0             , 0.6221311894    , 0.0             , 0.0             , 0.069873727     , 0.0             , 0.0             , 0.0             , 8410.0          , -12.00033213    , -10.17379853    , -10.42689209    , -7.121195608    , -14.19109351    , 15761.82561     
41              , 0.003153729058  , 0.009056503386  , 68.69441334     , -0.009152976422 , 0.6221297752    , 0.0             , 0.622131187     , 0.0             , 0.0             , 0.06930105217   , 0.0             , 0.0             , 0.0             , 7481.0          , -12.00021045    , -10.20179462    , -10.56188385    , -7.302901618    , -14.08983374    , 15761.82561     
42              , 0.003121193855  , 0.009044761119  , 68.7835904      , -0.00932269724  , 0.6221270412    , 0.0             , 0.6221311441    , 0.0             , 0.0             , 0.06719051483   , 0.0             , 0.0             , 0.0             , 8191.0          , -12.0007838     , -10.2179315     , -10.63113612    , -7.440902133    , -14.0478476     , 15761.82561     
43              , 0.003115445231  , 0.009043357756  , 68.79425687     , -0.009347680069 , 0.6221265784    , 0.0             , 0.6221310765    , 0.0             , 0.0             , 0.06686512527   , 0.0             , 0.0             , 0.0             , 7255.0          , -12.00054674    , -10.2155286     , -10.63671763    , -7.454480677    , -14.03803391    , 15761.82561     
44              , 0.003105308351  , 0.009038423793  , 68.83175017     , -0.009365070242 , 0.6221256971    , 0.0             , 0.6221305284    , 0.0             , 0.0             , 0.0665079324    , 0.0             , 0.0             , 0.0             , 7448.0          , -12.00016005    , -10.21551606    , -10.71407243    , -7.534362674    , -14.02012155    , 15761.82561     
45              , 0.003113242992  , 0.009037993913  , 68.83509627     , -0.009290859291 , 0.6221274561    , 0.0             , 0.622131181     , 0.0             , 0.0             , 0.06724976684   , 0.0             , 0.0             , 0.0             , 6740.0          , -12.00030731    , -10.13018855    , -10.27223157    , -7.013940885    , -14.04223506    , 15761.82561     
46              , 0.003126021421  , 0.009037368257  , 68.83983413     , -0.00916344577  , 0.6221290875    , 0.0             , 0.6221309318    , 0.0             , 0.0             , 0.06842628107   , 0.0             , 0.0             , 0.0             , 7844.0          , -12.00035151    , -10.1674873     , -10.35587351    , -7.098078783    , -14.18471713    , 15761.82561     
47              , 0.003171634473  , 0.009048632921  , 68.75414228     , -0.008487423698 , 0.6221389047    , 0.0             , 0.6221309953    , 0.0             , 0.0             , 0.07372740368   , 0.0             , 0.0             , 0.0             , 8594.0          , -12.00000156    , -10.17839857    , -10.37066946    , -7.13979956     , -14.17716199    , 15761.82561     
48              , 0.003134083511  , 0.009035249724  , 68.85596527     , -0.00904866036  , 0.6221306462    , 0.0             , 0.6221308412    , 0.0             , 0.0             , 0.06935259984   , 0.0             , 0.0             , 0.0             , 7787.0          , -12.00036822    , -10.18082973    , -10.41633064    , -7.166762823    , -14.16185519    , 15761.82561     
49              , 0.003172787794  , 0.009029023878  , 68.90346938     , -0.008074550964 , 0.6221441904    , 0.0             , 0.6221310704    , 0.0             , 0.0             , 0.07607873409   , 0.0             , 0.0             , 0.0             , 8266.0          , -12.00037343    , -10.19840469    , -10.44538029    , -7.253055291    , -14.10176937    , 15761.82561     
50              , 0.003201684774  , 0.00901630843   , 69.00058251     , -0.006673008148 , 0.6221600805    , 0.0             , 0.6221305338    , 0.0             , 0.0             , 0.08451515533   , 0.0             , 0.0             , 0.0             , 9201.0          , -12.0002099     , -10.20444549    , -10.46064161    , -7.354353469    , -14.11870137    , 15761.82561     
51              , 0.001913041769  , 0.008968456507  , 69.36873793     , -0.004948429596 , 0.6221754709    , 0.0             , 0.6221305091    , 0.0             , 0.0             , 0.09337054641   , 0.0             , 0.0             , 0.0             , 9275.0          , -12.0002055     , -10.22150646    , -10.52976078    , -7.506713752    , -14.0593913     , 15761.82561     
52              , 0.001869648964  , 0.00882828275   , 70.47018259     , -0.002914448446 , 0.6221865067    , 0.0             , 0.6221306973    , 0.0             , 0.0             , 0.1003084127    , 0.0             , 0.0             , 0.0             , 9156.0          , -12.00052052    , -10.22693627    , -10.57399877    , -7.522450899    , -14.11043162    , 15761.82561     
53              , 0.0006764948657 , 0.008439059922  , 73.72036935     , -0.0003803885745, 0.6221877324    , 0.0             , 0.6221306144    , 0.0             , 0.0             , 0.1080897782    , 0.0             , 0.0             , 0.0             , 9330.0          , -12.00073927    , -10.22176191    , -10.50194788    , -7.321569776    , -14.17274509    , 15761.82561     
54              , 1.951865343     , 0.05488082314   , 11.33602717     , 0.04067018377   , 0.6232208296    , 0.0             , 0.622130502     , 0.0             , 0.0             , 0.1262349891    , 0.0             , 0.0             , 0.0             , 9999.0          , -8.736984122    , -6.875883195    , -6.902949949    , -4.020351026    , -9.829488012    , 15761.82561     
55              , 0.0006303156557 , 0.007823718655  , 79.51855366     , 0.002022160922  , 0.6221766979    , 0.0             , 0.6221307917    , 0.0             , 0.0             , 0.1132392556    , 0.0             , 0.0             , 0.0             , 9999.0          , -11.89903736    , -10.14631577    , -10.67229343    , -7.547343106    , -14.48872018    , 15761.82561     
56              , 0.6132048743    , 0.02226419737   , 27.94311755     , 0.007625233545  , 0.6224826393    , 0.0             , 0.6221310842    , 0.0             , 0.0             , 0.06314498714   , 0.0             , 0.0             , 0.0             , 9999.0          , -8.723722116    , -7.306055152    , -7.782848193    , -4.74288477     , -10.43002253    , 15761.82561     
57              , 0.0003334952016 , 0.007740566607  , 80.37274649     , 0.003255013107  , 0.6221702353    , 0.0             , 0.6221305976    , 0.0             , 0.0             , 0.1164658103    , 0.0             , 0.0             , 0.0             , 9538.0          , -12.00015889    , -10.18822254    , -10.65557039    , -7.540242552    , -14.35083423    , 15761.82561     
58              , 0.0006201854871 , 0.007750231914  , 80.27253679     , 0.001645589716  , 0.6221768729    , 0.0             , 0.6221307765    , 0.0             , 0.0             , 0.1118606172    , 0.0             , 0.0             , 0.0             , 9816.0          , -12.00005328    , -10.24068965    , -10.74228866    , -7.66911758     , -14.60973557    , 15761.82561     
59              , 0.0006154913774 , 0.00772965401   , 80.48632371     , 0.002564973477  , 0.6221741642    , 0.0             , 0.6221314348    , 0.0             , 0.0             , 0.1145968837    , 0.0             , 0.0             , 0.0             , 9216.0          , -12.00016917    , -10.19230186    , -10.61976928    , -7.529566586    , -14.35973263    , 15761.82561     
60              , 0.0006213646947 , 0.007689767992  , 80.90369512     , 0.002142785644  , 0.6221744776    , 0.0             , 0.6221306451    , 0.0             , 0.0             , 0.1141534425    , 0.0             , 0.0             , 0.0             , 9328.0          , -12.0000642     , -10.22616029    , -10.66091227    , -7.592195177    , -14.51028822    , 15761.82561     
61              , 0.0006248155748 , 0.007631176881  , 81.52491917     , 0.002006221029  , 0.6221746448    , 0.0             , 0.6221310784    , 0.0             , 0.0             , 0.1147543218    , 0.0             , 0.0             , 0.0             , 9461.0          , -12.00015202    , -10.2398668     , -10.69460974    , -7.600927021    , -14.58681263    , 15761.82561     
62              , 0.0006429312878 , 0.007610481159  , 81.74661807     , 0.0006364290274 , 0.6221773186    , 0.0             , 0.6221310967    , 0.0             , 0.0             , 0.1158601323    , 0.0             , 0.0             , 0.0             , 9226.0          , -12.00053667    , -10.2899198     , -10.84298806    , -7.706136377    , -14.75084408    , 15761.82561     
63              , 0.0006657344251 , 0.007768879683  , 80.07989792     , 0.001481901451  , 0.6221778323    , 0.0             , 0.6221310919    , 0.0             , 0.0             , 0.1231223102    , 0.0             , 0.0             , 0.0             , 9999.0          , -11.36492334    , -9.739465936    , -10.24767857    , -7.308280581    , -14.02660117    , 15761.82561     
64              , 0.0006449344512 , 0.00762567363   , 81.58380447     , 0.0006910505795 , 0.6221778161    , 0.0             , 0.6221314664    , 0.0             , 0.0             , 0.1164559142    , 0.0             , 0.0             , 0.0             , 8952.0          , -12.00057733    , -10.29596014    , -10.75562097    , -7.675383212    , -14.7406612     , 15761.82561     
65              , 0.0006431323869 , 0.007608366087  , 81.76935308     , 0.0006383939758 , 0.622177367     , 0.0             , 0.6221311729    , 0.0             , 0.0             , 0.1159161741    , 0.0             , 0.0             , 0.0             , 7208.0          , -12.00005721    , -10.30814252    , -10.85381924    , -7.776224564    , -14.71355191    , 15761.82561     
66              , 0.3929161633    , 0.07638807276   , 8.143646064     , 0.006663512999  , 0.6267144978    , 0.0             , 0.6220774281    , 0.0             , 0.0             , 0.05279795533   , 0.0             , 0.0             , 0.0             , 9999.0          , -6.543472261    , -3.72519975     , -3.962217463    , -1.019804948    , -7.049390192    , 15761.82561     
67              , 0.0006801086886 , 0.007977526129  , 77.98544945     , 0.001846444245  , 0.6221793663    , 0.0             , 0.6221309607    , 0.0             , 0.0             , 0.1271504781    , 0.0             , 0.0             , 0.0             , 9716.0          , -12.00047085    , -10.28846488    , -10.69238825    , -7.651689366    , -14.58283686    , 15761.82561     
68              , 0.0006461953402 , 0.007622749971  , 81.61506857     , 0.0006712641334 , 0.6221775972    , 0.0             , 0.6221312616    , 0.0             , 0.0             , 0.1166885196    , 0.0             , 0.0             , 0.0             , 8443.0          , -12.00028921    , -10.32084044    , -10.84769056    , -7.780573764    , -14.68963941    , 15761.82561     
69              , 0.0006435589586 , 0.007600676874  , 81.85205824     , 0.0006329794726 , 0.6221771517    , 0.0             , 0.6221310461    , 0.0             , 0.0             , 0.1160217225    , 0.0             , 0.0             , 0.0             , 7703.0          , -12.00052249    , -10.28860441    , -10.83057529    , -7.735114562    , -14.70302091    , 15761.82561     
70              , 0.0006458298486 , 0.007591299262  , 81.95313649     , 0.0009488484325 , 0.6221763742    , 0.0             , 0.6221307845    , 0.0             , 0.0             , 0.1173160928    , 0.0             , 0.0             , 0.0             , 9494.0          , -12.00018282    , -10.26368635    , -10.71906019    , -7.597161265    , -14.74883287    , 15761.82561     
71              , 0.0003745086307 , 0.007596064727  , 81.90174545     , 0.004952932807  , 0.6221576164    , 0.0             , 0.6221309596    , 0.0             , 0.0             , 0.1335062314    , 0.0             , 0.0             , 0.0             , 9999.0          , -11.10666542    , -9.460551359    , -10.04591646    , -6.998382474    , -13.76117565    , 15761.82561     
72              , 0.0006530385447 , 0.007571646315  , 82.16584373     , 0.001939000608  , 0.6221737602    , 0.0             , 0.6221307079    , 0.0             , 0.0             , 0.1214022699    , 0.0             , 0.0             , 0.0             , 9999.0          , -11.80574757    , -10.12505416    , -10.6023033     , -7.541540045    , -14.55397113    , 15761.82561     
73              , 0.0006553860839 , 0.007564836375  , 82.23980568     , 0.002308685129  , 0.6221723809    , 0.0             , 0.6221306735    , 0.0             , 0.0             , 0.1229182184    , 0.0             , 0.0             , 0.0             , 9576.0          , -12.00048056    , -10.29227012    , -10.72833557    , -7.647834244    , -14.73375813    , 15761.82561     
74              , 0.0006547243535 , 0.007564168182  , 82.2471179      , 0.002244574222  , 0.6221729662    , 0.0             , 0.6221310323    , 0.0             , 0.0             , 0.1227241558    , 0.0             , 0.0             , 0.0             , 8374.0          , -12.00039721    , -10.28506344    , -10.77538499    , -7.669000879    , -14.71525481    , 15761.82561     
75              , 0.0006263336236 , 0.007702547594  , 80.76955633     , -0.001090809276 , 0.622178076     , 0.0             , 0.6221313518    , 0.0             , 0.0             , 0.1097259532    , 0.0             , 0.0             , 0.0             , 9999.0          , -11.66304742    , -9.980050715    , -10.41034416    , -7.250587502    , -14.51700259    , 15761.82561     
76              , 0.0006518171917 , 0.007568220995  , 82.20310395     , 0.001897410234  , 0.622174396     , 0.0             , 0.6221312572    , 0.0             , 0.0             , 0.1214388438    , 0.0             , 0.0             , 0.0             , 8657.0          , -12.00047581    , -10.29139729    , -10.81785992    , -7.687470877    , -14.72215032    , 15761.82561     
77              , 0.0006544379939 , 0.007564151365  , 82.24729141     , 0.002210027341  , 0.622173019     , 0.0             , 0.6221309616    , 0.0             , 0.0             , 0.1225978044    , 0.0             , 0.0             , 0.0             , 7814.0          , -12.00020491    , -10.27881788    , -10.74557561    , -7.6542029      , -14.70344361    , 15761.82561     
78              , 0.0006510646781 , 0.007569082631  , 82.19370828     , 0.001940425428  , 0.6221739863    , 0.0             , 0.6221309697    , 0.0             , 0.0             , 0.1218237891    , 0.0             , 0.0             , 0.0             , 8018.0          , -12.0004324     , -10.29819976    , -10.85197105    , -7.71343207     , -14.64713464    , 15761.82561     
79              , 0.0006540940004 , 0.007563328705  , 82.2562722      , 0.002181479191  , 0.6221733728    , 0.0             , 0.6221312247    , 0.0             , 0.0             , 0.122518853     , 0.0             , 0.0             , 0.0             , 7861.0          , -12.00030594    , -10.29314292    , -10.75439102    , -7.680010419    , -14.70724415    , 15761.82561     
80              , 0.0006542653824 , 0.007561827794  , 82.27260964     , 0.002225088919  , 0.6221732817    , 0.0             , 0.6221313063    , 0.0             , 0.0             , 0.1227721429    , 0.0             , 0.0             , 0.0             , 7051.0          , -12.00003909    , -10.25349527    , -10.69859623    , -7.603304746    , -14.50101939    , 15761.82561     
81              , 0.0006544794297 , 0.007556222913  , 82.33359879     , 0.002366221446  , 0.6221724123    , 0.0             , 0.6221310257    , 0.0             , 0.0             , 0.1236922771    , 0.0             , 0.0             , 0.0             , 8425.0          , -12.00005715    , -10.25111722    , -10.63805917    , -7.548139002    , -14.70550069    , 15761.82561     
82              , 0.0006557595459 , 0.007527250595  , 82.65047816     , 0.003088329604  , 0.622168731     , 0.0             , 0.6221308609    , 0.0             , 0.0             , 0.1282423399    , 0.0             , 0.0             , 0.0             , 9804.0          , -12.00035774    , -10.29884627    , -10.75408565    , -7.701185114    , -14.72477697    , 15761.82561     
83              , 0.0003103491248 , 0.007451726907  , 83.48818229     , 0.008922281883  , 0.6221117821    , 0.0             , 0.6221311344    , 0.0             , 0.0             , 0.1614036608    , 0.0             , 0.0             , 0.0             , 9999.0          , -10.400153      , -8.334309545    , -8.371788554    , -5.016158202    , -12.68768587    , 15761.82561     
84              , 0.0006585533499 , 0.007452682425  , 83.47743104     , 0.004907087144  , 0.6221560692    , 0.0             , 0.6221307833    , 0.0             , 0.0             , 0.1393409119    , 0.0             , 0.0             , 0.0             , 9999.0          , -11.65769772    , -9.989509635    , -10.51910929    , -7.563683505    , -14.34364429    , 15761.82561     
85              , 0.000332433067  , 0.007432927007  , 83.69933428     , 0.006943985302  , 0.6221366918    , 0.0             , 0.6221310423    , 0.0             , 0.0             , 0.1507400529    , 0.0             , 0.0             , 0.0             , 9999.0          , -11.30136522    , -9.65019681     , -9.513924219    , -5.996125479    , -13.89825508    , 15761.82561     
86              , 0.0003434217156 , 0.007438581169  , 83.63572217     , 0.0059812506    , 0.6221468257    , 0.0             , 0.622131108     , 0.0             , 0.0             , 0.1455357753    , 0.0             , 0.0             , 0.0             , 9999.0          , -11.79797761    , -10.13863838    , -10.19519582    , -6.658113404    , -14.36607083    , 15761.82561     
87              , 0.0003340611014 , 0.007433762668  , 83.68996623     , 0.006798413933  , 0.6221386139    , 0.0             , 0.6221313466    , 0.0             , 0.0             , 0.1499593974    , 0.0             , 0.0             , 0.0             , 9315.0          , -12.00013867    , -10.31107997    , -10.19744388    , -6.679485272    , -14.481221      , 15761.82561     
88              , 0.0003326711058 , 0.007432954928  , 83.69899023     , 0.006922757416  , 0.6221367083    , 0.0             , 0.6221308219    , 0.0             , 0.0             , 0.150626179     , 0.0             , 0.0             , 0.0             , 8259.0          , -12.00053724    , -10.3234129     , -10.14386381    , -6.627138815    , -14.45201263    , 15761.82561     
89              , 0.0003325104119 , 0.007432933176  , 83.69928297     , 0.006937084324  , 0.6221369038    , 0.0             , 0.6221311772    , 0.0             , 0.0             , 0.1507030942    , 0.0             , 0.0             , 0.0             , 7623.0          , -12.00066753    , -10.30434329    , -10.13498198    , -6.618161108    , -14.51563138    , 15761.82561     
90              , 0.0003324614466 , 0.007432929604  , 83.69934328     , 0.006941447598  , 0.6221370044    , 0.0             , 0.6221313265    , 0.0             , 0.0             , 0.1507265281    , 0.0             , 0.0             , 0.0             , 7090.0          , -12.00000724    , -10.33225097    , -10.12989205    , -6.613727193    , -14.4538909     , 15761.82561     
91              , 0.0003324429214 , 0.007432926737  , 83.69929881     , 0.00694311376   , 0.6221364152    , 0.0             , 0.622130756     , 0.0             , 0.0             , 0.1507352995    , 0.0             , 0.0             , 0.0             , 6551.0          , -12.00027591    , -10.31615822    , -10.1255352     , -6.610755617    , -14.44360428    , 15761.82561     
92              , 0.0006446783797 , 0.008078760607  , 77.00825787     , -0.0004682588087, 0.6221835556    , 0.0             , 0.6221312801    , 0.0             , 0.0             , 0.1049714945    , 0.0             , 0.0             , 0.0             , 9999.0          , -11.96489606    , -10.2445561     , -10.54187676    , -7.381595006    , -14.77677001    , 15761.82561     
93              , 0.0003420838219 , 0.007438581443  , 83.63571902     , 0.006114927706  , 0.6221455256    , 0.0             , 0.6221311074    , 0.0             , 0.0             , 0.1461865818    , 0.0             , 0.0             , 0.0             , 8983.0          , -12.00031528    , -10.30552074    , -10.32716178    , -6.806218084    , -14.61711165    , 15761.82561     
94              , 0.0003340544198 , 0.007433857107  , 83.68887545     , 0.006802136882  , 0.6221383693    , 0.0             , 0.6221311416    , 0.0             , 0.0             , 0.1499669376    , 0.0             , 0.0             , 0.0             , 6899.0          , -12.00059772    , -10.32168336    , -10.18345026    , -6.661176204    , -14.49233864    , 15761.82561     
95              , 0.000332711356  , 0.007432983294  , 83.69869545     , 0.006919683209  , 0.622136926     , 0.0             , 0.6221310051    , 0.0             , 0.0             , 0.1506076735    , 0.0             , 0.0             , 0.0             , 7289.0          , -12.00029264    , -10.33352306    , -10.13151374    , -6.612209556    , -14.48532341    , 15761.82561     
96              , 0.0003325211144 , 0.007432938375  , 83.6991564      , 0.006936295034  , 0.622136407     , 0.0             , 0.6221306715    , 0.0             , 0.0             , 0.1506981148    , 0.0             , 0.0             , 0.0             , 6612.0          , -12.00071481    , -10.32040055    , -10.13208088    , -6.609936845    , -14.48423703    , 15761.82561     
97              , 0.0003324689541 , 0.007432930484  , 83.69926102     , 0.006940842279  , 0.6221364734    , 0.0             , 0.6221307888    , 0.0             , 0.0             , 0.1507229298    , 0.0             , 0.0             , 0.0             , 6422.0          , -12.0007951     , -10.33618416    , -10.13102918    , -6.610594943    , -14.45497562    , 15761.82561     
98              , 0.0003324516833 , 0.007432928001  , 83.69928791     , 0.006942348927  , 0.6221364485    , 0.0             , 0.6221307808    , 0.0             , 0.0             , 0.1507311384    , 0.0             , 0.0             , 0.0             , 6486.0          , -12.00054687    , -10.29362417    , -10.12846435    , -6.61007075     , -14.54163612    , 15761.82561     
99              , 0.0003324459175 , 0.007432927596  , 83.69931056     , 0.006942848385  , 0.6221365773    , 0.0             , 0.6221309152    , 0.0             , 0.0             , 0.150733899     , 0.0             , 0.0             , 0.0             , 5858.0          , -12.00019629    , -10.30298525    , -10.12492235    , -6.609923622    , -14.47432646    , 15761.82561     
100             , 0.0003324437344 , 0.007432927457  , 83.69931945     , 0.006943037387  , 0.6221366297    , 0.0             , 0.6221309697    , 0.0             , 0.0             , 0.1507349446    , 0.0             , 0.0             , 0.0             , 5165.0          , -12.00064014    , -10.2893003     , -10.12468331    , -6.610103761    , -14.52390048    , 15761.82561     
101             , 0.0003324429633 , 0.007432926363  , 83.69928521     , 0.00694311349   , 0.6221362828    , 0.0             , 0.6221306236    , 0.0             , 0.0             , 0.15073526      , 0.0             , 0.0             , 0.0             , 3845.0          , -12.00060795    , -10.28133218    , -10.12326582    , -6.609494191    , -14.53824533    , 15761.82561     
102             , 0.0003393453215 , 0.007436466556  , 83.65950253     , 0.006315950796  , 0.6221434772    , 0.0             , 0.6221310926    , 0.0             , 0.0             , 0.1474234818    , 0.0             , 0.0             , 0.0             , 9594.0          , -12.00003004    , -10.34144638    , -10.17930825    , -6.644732365    , -14.53472903    , 15761.82561     
103             , 0.0003337802056 , 0.007433480185  , 83.69308254     , 0.00682007458   , 0.6221378974    , 0.0             , 0.6221308706    , 0.0             , 0.0             , 0.150088727     , 0.0             , 0.0             , 0.0             , 8371.0          , -12.0001106     , -10.33446103    , -10.13804201    , -6.613095558    , -14.53780104    , 15761.82561     
104             , 0.0003327337545 , 0.007432946375  , 83.6991029      , 0.006916406203  , 0.6221369004    , 0.0             , 0.6221309434    , 0.0             , 0.0             , 0.15059505      , 0.0             , 0.0             , 0.0             , 6905.0          , -12.00028345    , -10.31023522    , -10.14880652    , -6.62927235     , -14.45124305    , 15761.82561     
105             , 0.0003325629073 , 0.007432927307  , 83.69930411     , 0.006932099301  , 0.6221366252    , 0.0             , 0.6221308431    , 0.0             , 0.0             , 0.1506774663    , 0.0             , 0.0             , 0.0             , 7296.0          , -12.0002048     , -10.30541994    , -10.1342298     , -6.616752082    , -14.52820718    , 15761.82561     
106             , 0.000332501687  , 0.007432927545  , 83.69935907     , 0.006937708295  , 0.6221369911    , 0.0             , 0.6221312716    , 0.0             , 0.0             , 0.150707048     , 0.0             , 0.0             , 0.0             , 6510.0          , -12.00006873    , -10.2748572     , -10.1232783     , -6.608897018    , -14.51868292    , 15761.82561     
107             , 0.0003324706079 , 0.007432926664  , 83.69932062     , 0.006940569501  , 0.6221365996    , 0.0             , 0.622130912     , 0.0             , 0.0             , 0.1507219772    , 0.0             , 0.0             , 0.0             , 5490.0          , -12.00023206    , -10.29873723    , -10.12616786    , -6.612944797    , -14.48984545    , 15761.82561     
108             , 0.0003324563147 , 0.007432926258  , 83.69929583     , 0.006941886541  , 0.6221363667    , 0.0             , 0.6221306938    , 0.0             , 0.0             , 0.1507288347    , 0.0             , 0.0             , 0.0             , 6189.0          , -12.00018723    , -10.2910654     , -10.12462111    , -6.610237878    , -14.48436035    , 15761.82561     
109             , 0.0003324499264 , 0.007432927361  , 83.69932804     , 0.006942464839  , 0.622136692     , 0.0             , 0.6221310255    , 0.0             , 0.0             , 0.150731964     , 0.0             , 0.0             , 0.0             , 5617.0          , -12.00001231    , -10.34617104    , -10.13457386    , -6.608849692    , -14.50625796    , 15761.82561     
110             , 0.0003324454529 , 0.00743292741   , 83.69932472     , 0.006942875865  , 0.6221366667    , 0.0             , 0.6221310049    , 0.0             , 0.0             , 0.1507341172    , 0.0             , 0.0             , 0.0             , 4940.0          , -12.00002838    , -10.33919248    , -10.12963477    , -6.60947659     , -14.47965695    , 15761.82561     
111             , 0.0003324436475 , 0.007432927923  , 83.69934042     , 0.006943037699  , 0.6221368246    , 0.0             , 0.6221311646    , 0.0             , 0.0             , 0.1507350114    , 0.0             , 0.0             , 0.0             , 4209.0          , -12.00005847    , -10.28077165    , -10.11546275    , -6.610363018    , -14.47656975    , 15761.82561     
112             , 0.0003324429863 , 0.007432926127  , 83.69927702     , 0.006943113318  , 0.6221362022    , 0.0             , 0.622130543     , 0.0             , 0.0             , 0.1507352368    , 0.0             , 0.0             , 0.0             , 3550.0          , -12.00039877    , -10.28426056    , -10.12252331    , -6.609216002    , -14.4873885     , 15761.82561     
113             , 0.0003395360793 , 0.007435413249  , 83.67138979     , 0.006266413063  , 0.6221442331    , 0.0             , 0.6221313602    , 0.0             , 0.0             , 0.1472893634    , 0.0             , 0.0             , 0.0             , 8584.0          , -12.00042222    , -10.31356334    , -10.29165275    , -6.766341646    , -14.58700158    , 15761.82561     
114             , 0.0003342355672 , 0.007433488002  , 83.69304996     , 0.006769894451  , 0.6221388577    , 0.0             , 0.6221312827    , 0.0             , 0.0             , 0.1498568822    , 0.0             , 0.0             , 0.0             , 8149.0          , -12.00021077    , -10.33127515    , -10.23519623    , -6.719356863    , -14.50753684    , 15761.82561     
115             , 0.0003329156149 , 0.007432937115  , 83.6991985      , 0.006897459548  , 0.6221370462    , 0.0             , 0.622130879     , 0.0             , 0.0             , 0.1505039485    , 0.0             , 0.0             , 0.0             , 8109.0          , -12.00000159    , -10.32779209    , -10.15090783    , -6.635667846    , -14.46542616    , 15761.82561     
116             , 0.0003326642329 , 0.007432900076  , 83.69966435     , 0.006921748784  , 0.6221371385    , 0.0             , 0.6221312415    , 0.0             , 0.0             , 0.1506271734    , 0.0             , 0.0             , 0.0             , 6759.0          , -12.00074051    , -10.3009539     , -10.13470701    , -6.622240696    , -14.44310931    , 15761.82561     
117             , 0.0003372446808 , 0.007434414493  , 83.68254447     , 0.006449942341  , 0.6221417067    , 0.0             , 0.6221307214    , 0.0             , 0.0             , 0.1483453885    , 0.0             , 0.0             , 0.0             , 9657.0          , -12.00042967    , -10.33729361    , -10.13980766    , -6.619777977    , -14.47874026    , 15761.82561     
118             , 0.0003338982196 , 0.007433062864  , 83.69776162     , 0.006793662846  , 0.6221380344    , 0.0             , 0.6221307237    , 0.0             , 0.0             , 0.1500092103    , 0.0             , 0.0             , 0.0             , 8058.0          , -12.00011057    , -10.30580469    , -10.2591893     , -6.761653672    , -14.53438708    , 15761.82561     
119             , 0.0003331233861 , 0.007432916159  , 83.69943336     , 0.006874061384  , 0.6221372966    , 0.0             , 0.6221308707    , 0.0             , 0.0             , 0.1503971494    , 0.0             , 0.0             , 0.0             , 8195.0          , -12.00030005    , -10.28788723    , -10.15778799    , -6.646677375    , -14.52106864    , 15761.82561     
120             , 0.0003328740614 , 0.007432876511  , 83.69991173     , 0.006899966958  , 0.6221372465    , 0.0             , 0.6221311079    , 0.0             , 0.0             , 0.1505221634    , 0.0             , 0.0             , 0.0             , 7349.0          , -12.00065207    , -10.28926347    , -10.12121934    , -6.610503189    , -14.53398885    , 15761.82561     
121             , 0.0003350525069 , 0.007432353467  , 83.70584898     , 0.006638036976  , 0.6221404391    , 0.0             , 0.6221314569    , 0.0             , 0.0             , 0.1493806345    , 0.0             , 0.0             , 0.0             , 9224.0          , -12.0005742     , -10.30394884    , -10.2958628     , -6.786626509    , -14.54994816    , 15761.82561     
122             , 0.0006559383654 , 0.007428539191  , 83.74880341     , 0.005802269731  , 0.6221485609    , 0.0             , 0.6221312683    , 0.0             , 0.0             , 0.1458874784    , 0.0             , 0.0             , 0.0             , 9999.0          , -11.3950198     , -9.744744337    , -9.52363648     , -6.013608973    , -13.88479839    , 15761.82561     
123             , 0.0006481839473 , 0.007439564349  , 83.62469044     , 0.004392521483  , 0.6221602403    , 0.0             , 0.6221312657    , 0.0             , 0.0             , 0.1399256394    , 0.0             , 0.0             , 0.0             , 9999.0          , -10.54970981    , -8.924880351    , -8.66586855     , -5.166028762    , -12.92846526    , 15761.82561     
124             , 0.0006551446818 , 0.007428483558  , 83.7493961      , 0.00565525891   , 0.6221496575    , 0.0             , 0.6221310119    , 0.0             , 0.0             , 0.145271669     , 0.0             , 0.0             , 0.0             , 9999.0          , -11.9864688     , -10.27811242    , -10.11957362    , -6.612457825    , -14.46062777    , 15761.82561     
125             , 0.0006479712138 , 0.007439590295  , 83.62433363     , 0.004377066018  , 0.6221598648    , 0.0             , 0.6221307809    , 0.0             , 0.0             , 0.1399135017    , 0.0             , 0.0             , 0.0             , 9511.0          , -12.00060202    , -10.312179      , -10.11910162    , -6.615876816    , -14.44356181    , 15761.82561     
126             , 0.0006544389976 , 0.007428514821  , 83.74904754     , 0.005527336431  , 0.6221508366    , 0.0             , 0.6221310409    , 0.0             , 0.0             , 0.144740793     , 0.0             , 0.0             , 0.0             , 9989.0          , -12.00045375    , -10.33391749    , -10.13442692    , -6.625022172    , -14.4609154     , 15761.82561     
127             , 0.000654832389  , 0.007428471012  , 83.74950725     , 0.005598580819  , 0.6221499449    , 0.0             , 0.6221307868    , 0.0             , 0.0             , 0.1450365279    , 0.0             , 0.0             , 0.0             , 9449.0          , -12.0002126     , -10.30297957    , -10.13234627    , -6.621657306    , -14.49584212    , 15761.82561     
128             , 0.001630721978  , 0.009107338204  , 68.31098584     , -0.003784064895 , 0.6221864013    , 0.0             , 0.6221312511    , 0.0             , 0.0             , 0.09530187496   , 0.0             , 0.0             , 0.0             , 9999.0          , -11.30427439    , -9.614078761    , -9.938416724    , -6.487010548    , -14.22351271    , 15761.82561     
129             , 0.0006490082609 , 0.007436791698  , 83.65584875     , 0.004531185144  , 0.6221590685    , 0.0             , 0.6221311215    , 0.0             , 0.0             , 0.1405104293    , 0.0             , 0.0             , 0.0             , 9999.0          , -11.78823013    , -10.12394885    , -9.906122284    , -6.407709874    , -14.18878483    , 15761.82561     
130             , 0.0006540807522 , 0.007428670509  , 83.7473333      , 0.005458931288  , 0.6221517465    , 0.0             , 0.622131345     , 0.0             , 0.0             , 0.1444488716    , 0.0             , 0.0             , 0.0             , 9670.0          , -12.00025445    , -10.31415426    , -10.13046092    , -6.620788934    , -14.45937864    , 15761.82561     
131             , 0.0006545856636 , 0.007428515381  , 83.74900411     , 0.005552671975  , 0.6221503352    , 0.0             , 0.6221307651    , 0.0             , 0.0             , 0.1448433929    , 0.0             , 0.0             , 0.0             , 8949.0          , -12.00049866    , -10.31133       , -10.1302388     , -6.620205934    , -14.48567445    , 15761.82561     
132             , 0.0006547409951 , 0.007428485776  , 83.74939094     , 0.005581575248  , 0.6221504704    , 0.0             , 0.6221311594    , 0.0             , 0.0             , 0.1449650851    , 0.0             , 0.0             , 0.0             , 8681.0          , -12.0004859     , -10.32579817    , -10.12353008    , -6.620065365    , -14.42203761    , 15761.82561     
133             , 0.0006547976661 , 0.007428476213  , 83.74946954     , 0.005592119125  , 0.6221501586    , 0.0             , 0.6221309423    , 0.0             , 0.0             , 0.1450093866    , 0.0             , 0.0             , 0.0             , 8076.0          , -12.00056761    , -10.2973635     , -10.12165257    , -6.616732764    , -14.48424279    , 15761.82561     
134             , 0.0006548188274 , 0.007428474008  , 83.74952462     , 0.005596063907  , 0.6221503476    , 0.0             , 0.6221311668    , 0.0             , 0.0             , 0.1450260274    , 0.0             , 0.0             , 0.0             , 7485.0          , -12.00008498    , -10.32039054    , -10.12356081    , -6.61522313     , -14.45312838    , 15761.82561     
135             , 0.0006548276956 , 0.007428471835  , 83.74950716     , 0.005597708363  , 0.6221500211    , 0.0             , 0.6221308552    , 0.0             , 0.0             , 0.145032874     , 0.0             , 0.0             , 0.0             , 6832.0          , -12.0006378     , -10.30592765    , -10.12358809    , -6.614119162    , -14.48548481    , 15761.82561     
136             , 0.0006548306079 , 0.007428471592  , 83.74951549     , 0.005598251547  , 0.6221500577    , 0.0             , 0.6221308966    , 0.0             , 0.0             , 0.1450351676    , 0.0             , 0.0             , 0.0             , 6113.0          , -12.00011851    , -10.29103572    , -10.12327658    , -6.613152438    , -14.49092969    , 15761.82561     
137             , 0.0006548317905 , 0.007428471647  , 83.74952355     , 0.005598473174  , 0.6221501203    , 0.0             , 0.6221309612    , 0.0             , 0.0             , 0.145036114     , 0.0             , 0.0             , 0.0             , 5414.0          , -12.00042698    , -10.27556808    , -10.12188722    , -6.613073632    , -14.48910487    , 15761.82561     
138             , 0.0006548324185 , 0.007428470187  , 83.74948232     , 0.005598580742  , 0.6221496907    , 0.0             , 0.6221305326    , 0.0             , 0.0             , 0.145036471     , 0.0             , 0.0             , 0.0             , 3823.0          , -12.00062018    , -10.34374347    , -10.12457586    , -6.614176036    , -14.45291673    , 15761.82561     
139             , 0.00063975587   , 0.007494318323  , 83.01369852     , 0.00292504356   , 0.6221693435    , 0.0             , 0.6221310819    , 0.0             , 0.0             , 0.1334571463    , 0.0             , 0.0             , 0.0             , 9999.0          , -11.26668618    , -9.642999463    , -9.438275931    , -5.921078716    , -13.69727141    , 15761.82561     
140             , 0.0006533935503 , 0.007428813026  , 83.74566402     , 0.005331337505  , 0.6221523894    , 0.0             , 0.6221308797    , 0.0             , 0.0             , 0.143913316     , 0.0             , 0.0             , 0.0             , 9999.0          , -11.92368131    , -10.24582988    , -10.0447589     , -6.545071464    , -14.35206369    , 15761.82561     
141             , 0.0006543402202 , 0.00742855034   , 83.74862958     , 0.005507036101  , 0.6221508869    , 0.0             , 0.6221309108    , 0.0             , 0.0             , 0.1446520496    , 0.0             , 0.0             , 0.0             , 8878.0          , -12.00032446    , -10.32492619    , -10.11818661    , -6.618686647    , -14.42257364    , 15761.82561     
142             , 0.0006546453112 , 0.007428490866  , 83.74930179     , 0.005563756298  , 0.6221503942    , 0.0             , 0.6221309234    , 0.0             , 0.0             , 0.1448903409    , 0.0             , 0.0             , 0.0             , 8423.0          , -12.00023897    , -10.30949526    , -10.12685672    , -6.617575203    , -14.49454868    , 15761.82561     
143             , 0.000654755303  , 0.007428477383  , 83.74943911     , 0.005584225883  , 0.6221501014    , 0.0             , 0.6221308142    , 0.0             , 0.0             , 0.1449762701    , 0.0             , 0.0             , 0.0             , 7527.0          , -12.0000608     , -10.31374881    , -10.12541132    , -6.614983796    , -14.48612726    , 15761.82561     
144             , 0.0006547995777 , 0.007428474273  , 83.74950869     , 0.005592475827  , 0.6221502837    , 0.0             , 0.6221310707    , 0.0             , 0.0             , 0.1450109629    , 0.0             , 0.0             , 0.0             , 6201.0          , -12.00011491    , -10.33525801    , -10.11832714    , -6.614220305    , -14.41899833    , 15761.82561     
145             , 0.0006548190858 , 0.00742847262   , 83.74951862     , 0.005596107711  , 0.6221501864    , 0.0             , 0.622131006     , 0.0             , 0.0             , 0.145026195     , 0.0             , 0.0             , 0.0             , 4919.0          , -12.00054048    , -10.31160498    , -10.11728634    , -6.613524416    , -14.468624      , 15761.82561     
146             , 0.0006548273939 , 0.007428471952  , 83.74952192     , 0.005597654488  , 0.622150141     , 0.0             , 0.6221309746    , 0.0             , 0.0             , 0.145032681     , 0.0             , 0.0             , 0.0             , 4968.0          , -12.00003493    , -10.32484996    , -10.11745113    , -6.613771141    , -14.42058312    , 15761.82561     
147             , 0.0006548307984 , 0.007428471829  , 83.74952754     , 0.005598289328  , 0.6221501668    , 0.0             , 0.622131006     , 0.0             , 0.0             , 0.1450353529    , 0.0             , 0.0             , 0.0             , 4835.0          , -12.00022691    , -10.32878597    , -10.12261262    , -6.613234063    , -14.44511798    , 15761.82561     
148             , 0.0006548320162 , 0.007428471615  , 83.74952434     , 0.005598515246  , 0.622150123     , 0.0             , 0.6221309643    , 0.0             , 0.0             , 0.145036292     , 0.0             , 0.0             , 0.0             , 5053.0          , -12.00028084    , -10.29303205    , -10.12197582    , -6.613252711    , -14.4890477     , 15761.82561     
149             , 0.0006548322094 , 0.007428471639  , 83.74952551     , 0.005598551488  , 0.6221501334    , 0.0             , 0.622130975     , 0.0             , 0.0             , 0.1450364465    , 0.0             , 0.0             , 0.0             , 4484.0          , -12.00037246    , -10.3231463     , -10.12396395    , -6.613977076    , -14.48006211    , 15761.82561     
150             , 0.0006532965247 , 0.007428006172  , 83.75474245     , 0.005338355155  , 0.6221521837    , 0.0             , 0.6221307439    , 0.0             , 0.0             , 0.1439962673    , 0.0             , 0.0             , 0.0             , 9429.0          , -12.00017273    , -10.29467154    , -10.12053822    , -6.61303232     , -14.47493742    , 15761.82561     
151             , 0.0006458090678 , 0.007447038758  , 83.54071605     , 0.00407900502   , 0.6221621488    , 0.0             , 0.6221309502    , 0.0             , 0.0             , 0.1388231604    , 0.0             , 0.0             , 0.0             , 9999.0          , -11.65376937    , -10.01583185    , -9.782917386    , -6.281589187    , -14.05301951    , 15761.82561     
152             , 0.000652567848  , 0.007427899861  , 83.75602843     , 0.005212672254  , 0.6221538962    , 0.0             , 0.6221313919    , 0.0             , 0.0             , 0.1434896653    , 0.0             , 0.0             , 0.0             , 9954.0          , -12.00051454    , -10.30717785    , -10.1298204     , -6.626804851    , -14.48120193    , 15761.82561     
153             , 0.00064987073   , 0.00743137871   , 83.71678219     , 0.004781471493  , 0.622157122     , 0.0             , 0.6221311128    , 0.0             , 0.0             , 0.1417881677    , 0.0             , 0.0             , 0.0             , 9999.0          , -11.41902004    , -9.75499449     , -9.540054474    , -6.035131796    , -13.86190607    , 15761.82561     
154             , 0.0006522743572 , 0.007428125293  , 83.75340616     , 0.00516551539   , 0.622153695     , 0.0             , 0.6221307947    , 0.0             , 0.0             , 0.143304307     , 0.0             , 0.0             , 0.0             , 9452.0          , -12.0000275     , -10.28995617    , -10.12215441    , -6.620123964    , -14.45850542    , 15761.82561     
155             , 0.0006525208937 , 0.007427922554  , 83.75570592     , 0.005205108808  , 0.6221534649    , 0.0             , 0.622130897     , 0.0             , 0.0             , 0.1434599137    , 0.0             , 0.0             , 0.0             , 8233.0          , -12.00011141    , -10.30059632    , -10.11454509    , -6.617859099    , -14.4118031     , 15761.82561     
156             , 0.0006525579769 , 0.007427902383  , 83.75590774     , 0.005211075401  , 0.6221532244    , 0.0             , 0.6221307067    , 0.0             , 0.0             , 0.1434832654    , 0.0             , 0.0             , 0.0             , 7225.0          , -12.00010538    , -10.32991678    , -10.12101475    , -6.615510616    , -14.43791043    , 15761.82561     
157             , 0.0006525650542 , 0.007427899457  , 83.7559603      , 0.005212216503  , 0.6221533601    , 0.0             , 0.622130852     , 0.0             , 0.0             , 0.1434877674    , 0.0             , 0.0             , 0.0             , 6300.0          , -12.00004616    , -10.32400493    , -10.11547843    , -6.615147981    , -14.41397753    , 15761.82561     
158             , 0.0006474127992 , 0.007437205695  , 83.65114102     , 0.004400936696  , 0.6221596294    , 0.0             , 0.6221307424    , 0.0             , 0.0             , 0.1402947029    , 0.0             , 0.0             , 0.0             , 9999.0          , -11.70081678    , -10.02605878    , -9.818128569    , -6.314915245    , -14.12803704    , 15761.82561     
159             , 0.0006520557801 , 0.007428282677  , 83.75170262     , 0.00513124549   , 0.6221545074    , 0.0             , 0.6221313217    , 0.0             , 0.0             , 0.1431723315    , 0.0             , 0.0             , 0.0             , 9243.0          , -12.00030455    , -10.29364364    , -10.12532187    , -6.620174401    , -14.46596759    , 15761.82561     
160             , 0.0006524811522 , 0.007427948335  , 83.75546957     , 0.005198860294  , 0.6221539211    , 0.0             , 0.6221313007    , 0.0             , 0.0             , 0.1434358881    , 0.0             , 0.0             , 0.0             , 8089.0          , -12.00019596    , -10.31543476    , -10.11761624    , -6.61817115     , -14.40737106    , 15761.82561     
161             , 0.0006525488713 , 0.007427905183  , 83.75588134     , 0.005209634889  , 0.6221532749    , 0.0             , 0.6221307451    , 0.0             , 0.0             , 0.1434777156    , 0.0             , 0.0             , 0.0             , 7159.0          , -12.00045535    , -10.3072639     , -10.1141514     , -6.615900737    , -14.40952784    , 15761.82561     
162             , 0.0006525607694 , 0.007427902033  , 83.75597178     , 0.005211536322  , 0.6221536669    , 0.0             , 0.6221311531    , 0.0             , 0.0             , 0.1434851867    , 0.0             , 0.0             , 0.0             , 6307.0          , -12.0007168     , -10.32266044    , -10.11813471    , -6.616076918    , -14.41852663    , 15761.82561     
163             , 0.0006525642348 , 0.007427900078  , 83.75596641     , 0.005212086843  , 0.6221534586    , 0.0             , 0.6221309494    , 0.0             , 0.0             , 0.1434872837    , 0.0             , 0.0             , 0.0             , 5479.0          , -12.00032025    , -10.29039073    , -10.11678533    , -6.614138573    , -14.46025641    , 15761.82561     
164             , 0.0006525648741 , 0.007427899958  , 83.75597262     , 0.005212189163  , 0.6221534939    , 0.0             , 0.6221309856    , 0.0             , 0.0             , 0.1434876886    , 0.0             , 0.0             , 0.0             , 4487.0          , -12.00025738    , -10.33005159    , -10.11589856    , -6.614253652    , -14.4037058     , 15761.82561     
165             , 0.0006525650564 , 0.007427899341  , 83.75595696     , 0.00521221651   , 0.6221533257    , 0.0             , 0.6221308176    , 0.0             , 0.0             , 0.1434877604    , 0.0             , 0.0             , 0.0             , 2017.0          , -12.00001993    , -9.95886618     , -10.08864299    , -6.606326917    , -14.41694615    , 15761.82561     
166             , 0.0006509921636 , 0.007428839877  , 83.74536689     , 0.004976300665  , 0.6221553721    , 0.0             , 0.622130921     , 0.0             , 0.0             , 0.1426074665    , 0.0             , 0.0             , 0.0             , 9999.0          , -11.8626756     , -10.19771901    , -9.989983791    , -6.486592469    , -14.32540733    , 15761.82561     
167             , 0.0006522583287 , 0.007428016962  , 83.75468478     , 0.005166132185  , 0.6221541131    , 0.0             , 0.6221312192    , 0.0             , 0.0             , 0.1433162801    , 0.0             , 0.0             , 0.0             , 8271.0          , -12.00035013    , -10.29551411    , -10.1159888     , -6.613869204    , -14.45168703    , 15761.82561     
168             , 0.0006524884199 , 0.007427917756  , 83.755743       , 0.005200689634  , 0.6221533754    , 0.0             , 0.6221307706    , 0.0             , 0.0             , 0.1434448895    , 0.0             , 0.0             , 0.0             , 7564.0          , -12.00046549    , -10.31787986    , -10.11326074    , -6.615543732    , -14.40354385    , 15761.82561     
169             , 0.0006525412948 , 0.007427900741  , 83.75600167     , 0.0052086392    , 0.6221538049    , 0.0             , 0.6221312669    , 0.0             , 0.0             , 0.1434745762    , 0.0             , 0.0             , 0.0             , 6902.0          , -12.00057745    , -10.30132209    , -10.12070012    , -6.615809762    , -14.45648076    , 15761.82561     
170             , 0.0006525548274 , 0.007427899409  , 83.75596179     , 0.00521067552   , 0.6221533801    , 0.0             , 0.6221308591    , 0.0             , 0.0             , 0.1434820513    , 0.0             , 0.0             , 0.0             , 6313.0          , -12.00020833    , -10.31145241    , -10.12146873    , -6.614583281    , -14.47266334    , 15761.82561     
171             , 0.0006525599686 , 0.007427899856  , 83.75597302     , 0.005211450958  , 0.6221534945    , 0.0             , 0.6221309799    , 0.0             , 0.0             , 0.1434849519    , 0.0             , 0.0             , 0.0             , 5539.0          , -12.0003883     , -10.32786079    , -10.11546851    , -6.615166509    , -14.43012442    , 15761.82561     
172             , 0.0006525630234 , 0.007427899739  , 83.75596874     , 0.00521191097   , 0.622153449     , 0.0             , 0.6221309383    , 0.0             , 0.0             , 0.1434866504    , 0.0             , 0.0             , 0.0             , 5690.0          , -12.0003146     , -10.29176156    , -10.10932294    , -6.615337705    , -14.41418034    , 15761.82561     
173             , 0.0006525641694 , 0.007427901233  , 83.75601037     , 0.00521208649   , 0.622153882     , 0.0             , 0.6221313728    , 0.0             , 0.0             , 0.1434873864    , 0.0             , 0.0             , 0.0             , 4370.0          , -12.0001492     , -10.2984836     , -10.11220113    , -6.614678297    , -14.40447633    , 15761.82561     
174             , 0.0006525648612 , 0.007427900389  , 83.75598642     , 0.0052121891    , 0.6221536325    , 0.0             , 0.6221311241    , 0.0             , 0.0             , 0.1434877186    , 0.0             , 0.0             , 0.0             , 3208.0          , -12.0001904     , -10.30189158    , -10.11356292    , -6.615203802    , -14.46708749    , 15761.82561     
175             , 0.0006525650572 , 0.007427899282  , 83.75595532     , 0.005212216512  , 0.6221533085    , 0.0             , 0.6221308004    , 0.0             , 0.0             , 0.143487757     , 0.0             , 0.0             , 0.0             , 1585.0          , -12.0003469     , -9.963097314    , -9.929702302    , -6.6086278      , -14.4350111     , 15761.82561     
